,motif,CLUMP,seq_id,start,end,dataset
0,CGGGF,0,Minc3s00086g04105,85,90,positive
1,PKPK,1,Minc3s00083g03979,138,142,positive
2,PKPK,1,Minc3s00141g05855,58,62,positive
3,PKPK,1,Minc3s00485g13130,74,78,positive
4,PKPK,1,Minc3s00724g16553,259,263,positive
5,PKPK,1,Minc3s01107g20785,260,264,positive
6,PKPK,1,Minc3s01161g21288,58,62,positive
7,PKPK,1,Minc3s01307g22634,55,59,positive
8,PKPK,1,Minc3s01307g22639,55,59,positive
9,PKPK,1,Minc3s01525g24488,255,259,positive
10,PKPK,1,Minc3s09108g42931,55,59,positive
11,PKPK,1,QPG92974.1,55,59,positive
12,KDMK,2,Minc3s06143g39406,44,48,positive
13,RCP,3,Minc3s00736g16684,159,162,positive
14,RCP,3,Minc3s01051g20218,159,162,positive
15,RCP,3,Minc3s01143g21148,105,108,positive
16,RCP,3,Minc3s03092g32741,52,55,positive
17,RCP,3,Minc3s03712g34585,59,62,positive
18,RCP,3,Minc3s05228g37838,151,154,positive
19,RCP,3,Minc3s06143g39406,151,154,positive
20,RCP,3,Minc3s09654g43422,105,108,positive
21,RCP,3,Minc3s09707g43466,159,162,positive
22,PKYK,1,Minc3s00736g16684,161,165,positive
23,PKYK,1,Minc3s01051g20218,161,165,positive
24,PKYK,1,Minc3s01143g21148,107,111,positive
25,PKYK,1,Minc3s03092g32741,54,58,positive
26,PKYK,1,Minc3s03712g34585,61,65,positive
27,PKYK,1,Minc3s05228g37838,153,157,positive
28,PKYK,1,Minc3s06143g39406,153,157,positive
29,PKYK,1,Minc3s09654g43422,107,111,positive
30,PKYK,1,Minc3s09707g43466,161,165,positive
31,CGGG,0,Minc3s00007g00481,470,474,positive
32,CGGG,0,Minc3s00020g01281,53,57,positive
33,CGGG,0,Minc3s00020g01281,74,78,positive
34,CGGG,0,Minc3s00083g03967,53,57,positive
35,CGGG,0,Minc3s00083g03967,74,78,positive
36,CGGG,0,Minc3s00086g04105,30,34,positive
37,CGGG,0,Minc3s00086g04105,85,89,positive
38,CGGG,0,Minc3s00086g04105,91,95,positive
39,CGGG,0,Minc3s00127g05433,107,111,positive
40,CGGG,0,AAL40720.1,107,111,positive
41,CCCGF,0,Minc3s00234g08205,56,61,positive
42,VHAA,4,Minc3s00020g01295,64,68,positive
43,VHAA,4,Minc3s01020g19922,104,108,positive
44,VHAA,4,Minc3s01614g25112,104,108,positive
45,VHAA,4,Minc3s04061g35382,22,26,positive
46,TPDS,3,Minc3s00122g05244,121,125,positive
47,TPDS,3,Minc3s00191g07172,121,125,positive
48,TPDS,3,Minc3s01332g22850,121,125,positive
49,TPDS,3,Minc3s01364g23158,115,119,positive
50,TPDS,3,Minc3s06632g40101,12,16,positive
51,TPDS,3,AAN08584.1,156,160,positive
52,AAIE,4,Minc3s00139g05823,110,114,positive
53,AAIE,4,Minc3s00520g13673,110,114,positive
54,AAIE,4,Minc3s00736g16684,100,104,positive
55,AAIE,4,Minc3s01051g20218,100,104,positive
56,AAIE,4,Minc3s01143g21148,46,50,positive
57,AAIE,4,Minc3s03136g32914,64,68,positive
58,AAIE,4,Minc3s03712g34585,0,4,positive
59,AAIE,4,Minc3s05228g37838,92,96,positive
60,AAIE,4,Minc3s06143g39406,92,96,positive
61,AAIE,4,Minc3s09654g43422,46,50,positive
62,AAIE,4,Minc3s09707g43466,100,104,positive
63,AAIE,4,Minc3s10875g44433,110,114,positive
64,AAIE,4,AAR37375.1,110,114,positive
65,RNLL,4,Minc3s00122g05244,53,57,positive
66,RNLL,4,Minc3s00191g07172,53,57,positive
67,RNLL,4,Minc3s01332g22850,53,57,positive
68,RNLL,4,Minc3s01364g23158,47,51,positive
69,RNLL,4,Minc3s06632g40099,53,57,positive
70,ILAN,4,Minc3s00139g05824,15,19,positive
71,ILAN,4,Minc3s00677g15958,15,19,positive
72,ILAN,4,Minc3s01364g23158,185,189,positive
73,ILAN,4,AAC05133.1,15,19,positive
74,ACGE,5,Minc3s00057g02969,235,239,positive
75,ACGE,5,Minc3s00094g04359,165,169,positive
76,ACGE,5,Minc3s00566g14364,165,169,positive
77,ACGE,5,AAQ97032.1,236,240,positive
78,ACGE,5,Minc01696,235,239,positive
79,ATEN,5,Minc3s00365g11061,119,123,positive
80,ATEN,5,Minc3s02324g29465,119,123,positive
81,ATEN,5,Minc3s08477g42291,120,124,positive
82,ATEN,5,Minc3s10410g44057,7,11,positive
83,ATEN,5,AAQ10018.1,119,123,positive
84,ATEN,5,AAF37276.1,317,321,positive
85,CGKAG,0,Minc3s00008g00574,209,214,positive
86,CGKAG,0,Minc3s01152g21216,209,214,positive
87,FSVF,6,Minc3s00122g05244,184,188,positive
88,FSVF,6,Minc3s00191g07172,184,188,positive
89,FSVF,6,Minc3s01332g22850,184,188,positive
90,FSVF,6,Minc3s01364g23158,178,182,positive
91,FSVF,6,Minc3s02282g29253,35,39,positive
92,FSVF,6,Minc3s06632g40101,75,79,positive
93,KEDKK,7,Minc3s02324g29465,189,194,positive
94,KEDKK,7,Minc3s08477g42291,190,195,positive
95,KEDKK,7,Minc3s10410g44057,77,82,positive
96,KEDKK,7,AAQ10018.1,189,194,positive
97,KEDKK,7,ASX95049.1,124,129,positive
98,MGVE,5,Minc3s00139g05823,81,85,positive
99,MGVE,5,Minc3s00520g13673,81,85,positive
100,MGVE,5,Minc3s03136g32914,35,39,positive
101,MGVE,5,Minc3s10875g44433,81,85,positive
102,MGVE,5,AAR37375.1,81,85,positive
103,RVC,3,Minc3s00094g04359,40,43,positive
104,RVC,3,Minc3s00489g13198,77,80,positive
105,RVC,3,Minc3s00566g14364,40,43,positive
106,RVC,3,AAQ97032.1,111,114,positive
107,RVC,3,CAC27774.1,77,80,positive
108,RVC,3,Minc00344,87,90,positive
109,RVC,3,Minc04584,87,90,positive
110,RVC,3,CL5Contig2_1-EST,7,10,positive
111,DENL,5,Minc3s00191g07172,217,221,positive
112,DENL,5,Minc3s01332g22850,217,221,positive
113,DENL,5,Minc3s02282g29253,68,72,positive
114,DENL,5,Minc3s06632g40101,108,112,positive
115,CGDGF,0,Minc3s00094g04359,93,98,positive
116,CGDGF,0,Minc3s00566g14364,93,98,positive
117,CGDGF,0,AAQ97032.1,164,169,positive
118,NLVG,4,Minc3s00736g16684,151,155,positive
119,NLVG,4,Minc3s01051g20218,151,155,positive
120,NLVG,4,Minc3s01143g21148,97,101,positive
121,NLVG,4,Minc3s03092g32741,44,48,positive
122,NLVG,4,Minc3s03712g34585,51,55,positive
123,NLVG,4,Minc3s05228g37838,143,147,positive
124,NLVG,4,Minc3s06143g39406,143,147,positive
125,NLVG,4,Minc3s09654g43422,97,101,positive
126,NLVG,4,Minc3s09707g43466,151,155,positive
127,AKGS,3,Minc3s00007g00481,298,302,positive
128,AKGS,3,Minc3s00340g10545,48,52,positive
129,AKGS,3,AAM28240.1,298,302,positive
130,AKGS,3,Minc12639,56,60,positive
131,DAP,5,Minc3s00139g05823,95,98,positive
132,DAP,5,Minc3s00520g13673,95,98,positive
133,DAP,5,Minc3s00736g16684,131,134,positive
134,DAP,5,Minc3s01051g20218,131,134,positive
135,DAP,5,Minc3s01143g21148,77,80,positive
136,DAP,5,Minc3s03092g32741,24,27,positive
137,DAP,5,Minc3s03136g32914,49,52,positive
138,DAP,5,Minc3s03712g34585,31,34,positive
139,DAP,5,Minc3s05228g37838,123,126,positive
140,DAP,5,Minc3s06143g39406,123,126,positive
141,DAP,5,Minc3s09654g43422,77,80,positive
142,DAP,5,Minc3s09707g43466,131,134,positive
143,DAP,5,Minc3s10875g44433,95,98,positive
144,DAP,5,AAR37375.1,95,98,positive
145,PKPF,8,Minc3s00465g12805,355,359,positive
146,PKPF,8,Minc3s01509g24368,355,359,positive
147,PKPF,8,AAN15807.1,4,8,positive
148,PPPK,8,Minc3s00057g02969,533,537,positive
149,PPPK,8,Minc01696,537,541,positive
150,KEEKG,7,AAN52094.1,32,37,positive
151,KEEEK,7,ASX95049.1,132,137,positive
152,AYKN,1,Minc3s00122g05244,59,63,positive
153,AYKN,1,Minc3s00191g07172,59,63,positive
154,AYKN,1,Minc3s01332g22850,59,63,positive
155,AYKN,1,Minc3s01364g23158,53,57,positive
156,AYKN,1,Minc3s06632g40099,59,63,positive
157,NPD,3,Minc3s00057g02969,351,354,positive
158,NPD,3,Minc3s00127g05433,179,182,positive
159,NPD,3,Minc3s00127g05433,298,301,positive
160,NPD,3,Minc3s00371g11166,30,33,positive
161,NPD,3,Minc3s01112g20831,30,33,positive
162,NPD,3,Minc3s08308g42122,41,44,positive
163,NPD,3,AAR37373.1,26,29,positive
164,NPD,3,AAF37276.1,209,212,positive
165,NPD,3,AAL40720.1,179,182,positive
166,NPD,3,AAL40720.1,298,301,positive
167,NPD,3,Minc01696,354,357,positive
168,NPD,3,Minc03866,105,108,positive
169,NEPL,5,Minc3s00139g05823,158,162,positive
170,NEPL,5,Minc3s00520g13673,158,162,positive
171,NEPL,5,Minc3s03136g32914,112,116,positive
172,NEPL,5,AAR37375.1,158,162,positive
173,TAC,3,Minc3s00736g16684,179,182,positive
174,TAC,3,Minc3s01051g20218,179,182,positive
175,TAC,3,Minc3s01143g21148,125,128,positive
176,TAC,3,Minc3s03092g32741,72,75,positive
177,TAC,3,Minc3s03712g34585,79,82,positive
178,TAC,3,Minc3s05228g37838,171,174,positive
179,TAC,3,Minc3s06143g39406,171,174,positive
180,TAC,3,Minc3s09654g43422,125,128,positive
181,TAC,3,Minc3s09707g43466,179,182,positive
182,PYPGQ,8,Minc3s00736g16684,121,126,positive
183,PYPGQ,8,Minc3s01051g20218,121,126,positive
184,PYPGQ,8,Minc3s01143g21148,67,72,positive
185,PYPGQ,8,Minc3s03092g32741,14,19,positive
186,PYPGQ,8,Minc3s03712g34585,21,26,positive
187,PYPGQ,8,Minc3s05228g37838,113,118,positive
188,PYPGQ,8,Minc3s06143g39406,113,118,positive
189,PYPGQ,8,Minc3s09654g43422,67,72,positive
190,PYPGQ,8,Minc3s09707g43466,121,126,positive
191,CCSGY,0,Minc3s00365g11074,82,87,positive
192,CCSGY,0,Minc3s00970g19432,82,87,positive
193,CCSGY,0,Minc3s02073g28116,82,87,positive
194,CK,3,Minc3s00007g00481,206,208,positive
195,CK,3,Minc3s00008g00574,222,224,positive
196,CK,3,Minc3s00020g01295,132,134,positive
197,CK,3,Minc3s00057g02969,37,39,positive
198,CK,3,Minc3s00083g03979,129,131,positive
199,CK,3,Minc3s00122g05244,104,106,positive
200,CK,3,Minc3s00127g05433,165,167,positive
201,CK,3,Minc3s00139g05824,199,201,positive
202,CK,3,Minc3s00141g05855,2,4,positive
203,CK,3,Minc3s00173g06739,38,40,positive
204,CK,3,Minc3s00191g07172,104,106,positive
205,CK,3,Minc3s00271g09100,163,165,positive
206,CK,3,Minc3s00271g09100,313,315,positive
207,CK,3,Minc3s00275g09180,92,94,positive
208,CK,3,Minc3s00275g09180,205,207,positive
209,CK,3,Minc3s00275g09180,454,456,positive
210,CK,3,Minc3s00485g13130,64,66,positive
211,CK,3,Minc3s00485g13130,183,185,positive
212,CK,3,Minc3s00497g13327,238,240,positive
213,CK,3,Minc3s00583g14627,139,141,positive
214,CK,3,Minc3s00677g15958,199,201,positive
215,CK,3,Minc3s00709g16396,105,107,positive
216,CK,3,Minc3s00709g16396,173,175,positive
217,CK,3,Minc3s00724g16553,18,20,positive
218,CK,3,Minc3s00724g16553,218,220,positive
219,CK,3,Minc3s00736g16684,192,194,positive
220,CK,3,Minc3s00855g18130,64,66,positive
221,CK,3,Minc3s00855g18130,182,184,positive
222,CK,3,Minc3s01051g20218,273,275,positive
223,CK,3,Minc3s01107g20785,19,21,positive
224,CK,3,Minc3s01107g20785,219,221,positive
225,CK,3,Minc3s01143g21148,138,140,positive
226,CK,3,Minc3s01152g21216,222,224,positive
227,CK,3,Minc3s01235g21948,92,94,positive
228,CK,3,Minc3s01235g21948,205,207,positive
229,CK,3,Minc3s01235g21948,455,457,positive
230,CK,3,Minc3s01307g22634,2,4,positive
231,CK,3,Minc3s01352g23040,55,57,positive
232,CK,3,Minc3s01802g26418,253,255,positive
233,CK,3,Minc3s01897g27031,163,165,positive
234,CK,3,Minc3s01897g27031,313,315,positive
235,CK,3,Minc3s03092g32741,85,87,positive
236,CK,3,Minc3s03712g34585,92,94,positive
237,CK,3,Minc3s05228g37838,184,186,positive
238,CK,3,Minc3s05895g38985,250,252,positive
239,CK,3,Minc3s06143g39406,184,186,positive
240,CK,3,Minc3s06632g40099,104,106,positive
241,CK,3,Minc3s06678g40162,56,58,positive
242,CK,3,Minc3s08722g42535,64,66,positive
243,CK,3,Minc3s08722g42535,182,184,positive
244,CK,3,Minc3s09108g42931,2,4,positive
245,CK,3,Minc3s09654g43422,138,140,positive
246,CK,3,AAN08579.1,38,40,positive
247,CK,3,AAN08584.1,166,168,positive
248,CK,3,AAR37368.1,21,23,positive
249,CK,3,AAN08585.1,96,98,positive
250,CK,3,AAN15807.1,46,48,positive
251,CK,3,AAN08589.1,38,40,positive
252,CK,3,AAN15808.1,182,184,positive
253,CK,3,AAQ10021.1,96,98,positive
254,CK,3,AAQ10022.1,102,104,positive
255,CK,3,AAQ10022.1,170,172,positive
256,CK,3,AAN52093.1,93,95,positive
257,CK,3,AAR37369.1,53,55,positive
258,CK,3,AAQ97032.1,26,28,positive
259,CK,3,AAR37372.1,187,189,positive
260,CK,3,AAR37373.1,187,189,positive
261,CK,3,AAM28240.1,206,208,positive
262,CK,3,AAF37276.1,73,75,positive
263,CK,3,QPG92974.1,2,4,positive
264,CK,3,AAL40720.1,165,167,positive
265,CK,3,AJ544634.2,212,214,positive
266,CK,3,Minc01595,124,126,positive
267,CK,3,Minc01696,37,39,positive
268,CK,3,Minc03866,164,166,positive
269,WKPK,1,Minc3s00127g05433,277,281,positive
270,WKPK,1,Minc3s08308g42122,20,24,positive
271,WKPK,1,AAL40720.1,277,281,positive
272,DEKT,2,Minc3s00365g11061,135,139,positive
273,DEKT,2,Minc3s02324g29465,134,138,positive
274,DEKT,2,Minc3s08477g42291,135,139,positive
275,DEKT,2,Minc3s10410g44057,22,26,positive
276,DEKT,2,AAQ10018.1,134,138,positive
277,DEKT,2,CL312Contig1_1-EST,51,55,positive
278,CGGGY,0,Minc3s00020g01281,53,58,positive
279,CGGGY,0,Minc3s00020g01281,74,79,positive
280,CGGGY,0,Minc3s00083g03967,53,58,positive
281,CGGGY,0,Minc3s00083g03967,74,79,positive
282,CGGGY,0,Minc3s00127g05433,107,112,positive
283,CGGGY,0,AAL40720.1,107,112,positive
284,EEER,7,Minc3s00057g02969,307,311,positive
285,EEER,7,Minc3s00057g02969,418,422,positive
286,EEER,7,Minc3s00127g05433,365,369,positive
287,EEER,7,Minc3s08308g42122,108,112,positive
288,EEER,7,AAL40720.1,365,369,positive
289,EEER,7,Minc01696,307,311,positive
290,EEER,7,Minc01696,421,425,positive
291,EEER,7,CL312Contig1_1-EST,360,364,positive
292,PSPK,8,Minc3s00141g05855,56,60,positive
293,PSPK,8,Minc3s00271g09100,416,420,positive
294,PSPK,8,Minc3s01161g21288,56,60,positive
295,PSPK,8,Minc3s01307g22634,53,57,positive
296,PSPK,8,Minc3s01307g22639,53,57,positive
297,PSPK,8,Minc3s01897g27031,416,420,positive
298,PSPK,8,Minc3s09108g42931,53,57,positive
299,PSPK,8,QPG92974.1,53,57,positive
300,FSLEL,9,Minc3s00736g16684,59,64,positive
301,FSLEL,9,Minc3s01051g20218,59,64,positive
302,FSLEL,9,Minc3s01143g21148,5,10,positive
303,FSLEL,9,Minc3s05228g37838,51,56,positive
304,FSLEL,9,Minc3s06143g39406,51,56,positive
305,FSLEL,9,Minc3s09654g43422,5,10,positive
306,FSLEL,9,Minc3s09707g43466,59,64,positive
307,TQLA,4,Minc3s00371g11166,552,556,positive
308,TQLA,4,Minc3s00736g16684,143,147,positive
309,TQLA,4,Minc3s01051g20218,143,147,positive
310,TQLA,4,Minc3s01143g21148,89,93,positive
311,TQLA,4,Minc3s03092g32741,36,40,positive
312,TQLA,4,Minc3s03712g34585,43,47,positive
313,TQLA,4,Minc3s05228g37838,135,139,positive
314,TQLA,4,Minc3s06143g39406,135,139,positive
315,TQLA,4,Minc3s09654g43422,89,93,positive
316,TQLA,4,Minc3s09707g43466,143,147,positive
317,CGCCG,0,Minc3s00451g12535,65,70,positive
318,CGCCG,0,Minc3s01472g24105,65,70,positive
319,CGCCG,0,Minc3s06335g39676,65,70,positive
320,KDLE,5,Minc3s00008g00574,66,70,positive
321,KDLE,5,Minc3s00127g05453,172,176,positive
322,KDLE,5,Minc3s00878g18407,172,176,positive
323,KDLE,5,Minc3s01152g21216,66,70,positive
324,KDLE,5,Minc3s02048g27976,168,172,positive
325,RGIG,8,Minc3s00736g16684,137,141,positive
326,RGIG,8,Minc3s01051g20218,137,141,positive
327,RGIG,8,Minc3s01143g21148,83,87,positive
328,RGIG,8,Minc3s03092g32741,30,34,positive
329,RGIG,8,Minc3s03712g34585,37,41,positive
330,RGIG,8,Minc3s05228g37838,129,133,positive
331,RGIG,8,Minc3s06143g39406,129,133,positive
332,RGIG,8,Minc3s09654g43422,83,87,positive
333,RGIG,8,Minc3s09707g43466,137,141,positive
334,KEETK,7,CL312Contig1_1-EST,398,403,positive
335,VKSY,1,Minc3s00139g05823,168,172,positive
336,VKSY,1,Minc3s00139g05823,313,317,positive
337,VKSY,1,Minc3s00520g13673,168,172,positive
338,VKSY,1,Minc3s03136g32914,122,126,positive
339,VKSY,1,AAR37375.1,168,172,positive
340,VKSY,1,AAR37375.1,313,317,positive
341,CGGGA,0,Minc3s00007g00481,470,475,positive
342,KEEIK,7,AAN52092.1,82,87,positive
343,KEERK,7,AEV57568.1,183,188,positive
344,EDKK,2,Minc3s00127g05433,231,235,positive
345,EDKK,2,Minc3s02324g29465,190,194,positive
346,EDKK,2,Minc3s08477g42291,191,195,positive
347,EDKK,2,Minc3s10410g44057,78,82,positive
348,EDKK,2,AAQ10018.1,190,194,positive
349,EDKK,2,ASX95049.1,121,125,positive
350,EDKK,2,ASX95049.1,125,129,positive
351,EDKK,2,AAL40720.1,231,235,positive
352,KDKK,2,Minc3s00020g01295,457,461,positive
353,KDKK,2,Minc3s00083g03979,461,465,positive
354,KDKK,2,Minc3s00583g14627,67,71,positive
355,KDKK,2,Minc3s01802g26418,181,185,positive
356,KDKK,2,Minc3s05895g38985,181,185,positive
357,LSLFL,9,AAN15808.1,12,17,positive
358,KKETK,7,ASX95049.1,165,170,positive
359,EEEKK,7,Minc3s00057g02969,404,409,positive
360,EEEKK,7,Minc3s00127g05433,373,378,positive
361,EEEKK,7,Minc3s00127g05433,402,407,positive
362,EEEKK,7,Minc3s00583g14627,5,10,positive
363,EEEKK,7,Minc3s00583g14627,13,18,positive
364,EEEKK,7,Minc3s01802g26418,87,92,positive
365,EEEKK,7,Minc3s01802g26418,111,116,positive
366,EEEKK,7,Minc3s01802g26418,119,124,positive
367,EEEKK,7,Minc3s01802g26418,127,132,positive
368,EEEKK,7,Minc3s05895g38985,110,115,positive
369,EEEKK,7,Minc3s05895g38985,118,123,positive
370,EEEKK,7,Minc3s05895g38985,126,131,positive
371,EEEKK,7,Minc3s08308g42122,116,121,positive
372,EEEKK,7,Minc3s08308g42122,145,150,positive
373,EEEKK,7,ASX95049.1,133,138,positive
374,EEEKK,7,AAN15806.1,248,253,positive
375,EEEKK,7,AAL40720.1,373,378,positive
376,EEEKK,7,AAL40720.1,402,407,positive
377,EEEKK,7,Minc01696,407,412,positive
378,KQAQ,1,Minc3s00057g02969,435,439,positive
379,KQAQ,1,Minc3s00736g16684,65,69,positive
380,KQAQ,1,Minc3s01051g20218,65,69,positive
381,KQAQ,1,Minc3s01143g21148,11,15,positive
382,KQAQ,1,Minc3s05228g37838,57,61,positive
383,KQAQ,1,Minc3s06143g39406,57,61,positive
384,KQAQ,1,Minc3s09654g43422,11,15,positive
385,KQAQ,1,Minc3s09707g43466,65,69,positive
386,KQAQ,1,Minc01696,438,442,positive
387,VTDS,3,Minc3s00127g05433,334,338,positive
388,VTDS,3,Minc3s00365g11061,80,84,positive
389,VTDS,3,Minc3s02324g29465,80,84,positive
390,VTDS,3,Minc3s08308g42122,77,81,positive
391,VTDS,3,Minc3s08477g42291,81,85,positive
392,VTDS,3,AAQ10018.1,80,84,positive
393,VTDS,3,AAL40720.1,334,338,positive
394,PKAK,1,Minc3s00519g13664,200,204,positive
395,PKAK,1,Minc3s00519g13664,245,249,positive
396,PKAK,1,Minc3s00519g13664,255,259,positive
397,PKAK,1,Minc3s00736g16684,49,53,positive
398,PKAK,1,Minc3s01051g20218,49,53,positive
399,PKAK,1,Minc3s01525g24488,200,204,positive
400,PKAK,1,Minc3s05228g37838,41,45,positive
401,PKAK,1,Minc3s06143g39406,41,45,positive
402,PKAK,1,Minc3s09707g43466,49,53,positive
403,WNS,6,Minc3s00139g05823,72,75,positive
404,WNS,6,Minc3s00520g13673,72,75,positive
405,WNS,6,Minc3s03136g32914,26,29,positive
406,WNS,6,Minc3s10875g44433,72,75,positive
407,WNS,6,AAR37375.1,72,75,positive
408,QDVD,2,Minc3s00139g05823,197,201,positive
409,QDVD,2,Minc3s00520g13673,197,201,positive
410,QDVD,2,Minc3s03136g32914,151,155,positive
411,QDVD,2,AAR37375.1,197,201,positive
412,CCCGG,0,Minc3s00234g08205,51,56,positive
413,CQNGG,0,AAN15808.1,117,122,positive
414,ILFS,9,Minc3s00141g05855,7,11,positive
415,ILFS,9,Minc3s01161g21288,7,11,positive
416,ILFS,9,Minc3s01307g22634,7,11,positive
417,ILFS,9,Minc3s01307g22639,7,11,positive
418,ILFS,9,Minc3s01352g23040,3,7,positive
419,ILFS,9,Minc3s09108g42931,7,11,positive
420,ILFS,9,AAQ10019.1,36,40,positive
421,ILFS,9,QPG92974.1,7,11,positive
422,CNICG,0,Minc3s00465g12805,38,43,positive
423,CNICG,0,Minc3s01509g24368,38,43,positive
424,CNICG,0,Minc3s04123g35534,38,43,positive
425,NEAK,5,Minc3s00057g02969,108,112,positive
426,NEAK,5,Minc3s00127g05453,531,535,positive
427,NEAK,5,Minc3s00519g13664,126,130,positive
428,NEAK,5,Minc3s00878g18407,531,535,positive
429,NEAK,5,Minc3s01525g24488,126,130,positive
430,NEAK,5,Minc01696,108,112,positive
431,PTHP,8,Minc3s00122g05244,172,176,positive
432,PTHP,8,Minc3s00141g05855,32,36,positive
433,PTHP,8,Minc3s00191g07172,172,176,positive
434,PTHP,8,Minc3s01161g21288,32,36,positive
435,PTHP,8,Minc3s01307g22634,32,36,positive
436,PTHP,8,Minc3s01332g22850,172,176,positive
437,PTHP,8,Minc3s01364g23158,166,170,positive
438,PTHP,8,Minc3s02282g29253,23,27,positive
439,PTHP,8,Minc3s06632g40101,63,67,positive
440,PTHP,8,Minc3s09108g42931,32,36,positive
441,PTHP,8,QPG92974.1,32,36,positive
442,DEEKK,7,Minc3s01802g26418,95,100,positive
443,DEEKK,7,Minc3s05895g38985,94,99,positive
444,PYQSG,8,Minc00344,137,142,positive
445,PYQSG,8,Minc00344,186,191,positive
446,PYQSG,8,Minc00344,215,220,positive
447,PYQSG,8,Minc00344,264,269,positive
448,PYQSG,8,Minc00344,313,318,positive
449,PYQSG,8,Minc04584,137,142,positive
450,PYQSG,8,Minc04584,173,178,positive
451,FGGG,0,Minc3s00020g01281,46,50,positive
452,FGGG,0,Minc3s00086g04105,46,50,positive
453,FGGG,0,Minc3s00086g04105,65,69,positive
454,FGGG,0,Minc3s00086g04105,78,82,positive
455,FGGG,0,Minc3s00451g12535,26,30,positive
456,FGGG,0,Minc3s01472g24105,26,30,positive
457,FGGG,0,Minc3s06335g39676,26,30,positive
458,FGGG,0,Minc06775,24,28,positive
459,YPSG,8,Minc3s00139g05824,25,29,positive
460,YPSG,8,Minc3s00465g12805,94,98,positive
461,YPSG,8,Minc3s00489g13198,129,133,positive
462,YPSG,8,Minc3s00489g13198,174,178,positive
463,YPSG,8,Minc3s00677g15958,25,29,positive
464,YPSG,8,Minc3s01509g24368,94,98,positive
465,YPSG,8,Minc3s04123g35534,94,98,positive
466,YPSG,8,AAC05133.1,25,29,positive
467,YPSG,8,CAC27774.1,129,133,positive
468,YPSG,8,CAC27774.1,174,178,positive
469,YPSG,8,CAC27774.1,213,217,positive
470,YPSG,8,CAC27774.1,258,262,positive
471,YPSG,8,Minc00344,365,369,positive
472,YPSG,8,Minc04584,189,193,positive
473,QVAS,4,Minc3s00275g09180,61,65,positive
474,QVAS,4,Minc3s00489g13198,141,145,positive
475,QVAS,4,Minc3s01235g21948,61,65,positive
476,QVAS,4,CAC27774.1,141,145,positive
477,QVAS,4,Minc00344,152,156,positive
478,QVAS,4,Minc00344,230,234,positive
479,QVAS,4,Minc00344,279,283,positive
480,QVAS,4,Minc00344,328,332,positive
481,QVAS,4,Minc04584,152,156,positive
482,YVIL,9,Minc3s00139g05823,117,121,positive
483,YVIL,9,Minc3s00520g13673,117,121,positive
484,YVIL,9,Minc3s03136g32914,71,75,positive
485,YVIL,9,Minc3s10875g44433,117,121,positive
486,YVIL,9,AAR37375.1,117,121,positive
487,YVIL,9,CL480Contig2_1-EST,43,47,positive
488,CNGGG,0,Minc3s00139g05823,326,331,positive
489,CNGGG,0,AAR37375.1,326,331,positive
490,GDKK,2,Minc3s00876g18368,79,83,positive
491,GDKK,2,Minc3s00876g18368,87,91,positive
492,GDKK,2,Minc3s00905g18741,77,81,positive
493,GDKK,2,Minc3s00905g18741,85,89,positive
494,GDKK,2,Minc3s01322g22768,77,81,positive
495,GDKK,2,Minc3s01322g22768,85,89,positive
496,FSLFL,9,Minc3s00381g11354,5,10,positive
497,FSLFL,9,Minc3s03471g33936,5,10,positive
498,FSLFL,9,Minc3s06678g40162,5,10,positive
499,FSLFL,9,Minc3s10691g44278,5,10,positive
500,FSLFL,9,AAQ10019.1,23,28,positive
501,KKGKK,2,Minc3s01525g24488,293,298,positive
502,IIAG,10,Minc3s00141g05855,14,18,positive
503,IIAG,10,Minc3s01161g21288,14,18,positive
504,IIAG,10,Minc3s01307g22634,14,18,positive
505,IIAG,10,Minc3s01307g22639,14,18,positive
506,IIAG,10,Minc3s09108g42931,14,18,positive
507,IIAG,10,QPG92974.1,14,18,positive
508,AEG,5,Minc3s00011g00761,142,145,positive
509,AEG,5,Minc3s00122g05244,256,259,positive
510,AEG,5,Minc3s00139g05823,285,288,positive
511,AEG,5,Minc3s00191g07172,256,259,positive
512,AEG,5,Minc3s00271g09100,227,230,positive
513,AEG,5,Minc3s00365g11061,62,65,positive
514,AEG,5,Minc3s00371g11166,464,467,positive
515,AEG,5,Minc3s00371g11166,669,672,positive
516,AEG,5,Minc3s00520g13673,285,288,positive
517,AEG,5,Minc3s01112g20831,464,467,positive
518,AEG,5,Minc3s01112g20831,669,672,positive
519,AEG,5,Minc3s01332g22850,81,84,positive
520,AEG,5,Minc3s01332g22850,256,259,positive
521,AEG,5,Minc3s01364g23158,75,78,positive
522,AEG,5,Minc3s01364g23158,250,253,positive
523,AEG,5,Minc3s01802g26418,76,79,positive
524,AEG,5,Minc3s01802g26418,107,110,positive
525,AEG,5,Minc3s01897g27031,227,230,positive
526,AEG,5,Minc3s02282g29253,107,110,positive
527,AEG,5,Minc3s02324g29465,62,65,positive
528,AEG,5,Minc3s03136g32914,239,242,positive
529,AEG,5,Minc3s05895g38985,106,109,positive
530,AEG,5,Minc3s06632g40101,147,150,positive
531,AEG,5,Minc3s08477g42291,63,66,positive
532,AEG,5,AAN08585.1,20,23,positive
533,AEG,5,AAQ10018.1,62,65,positive
534,AEG,5,AAQ10021.1,20,23,positive
535,AEG,5,AAN52093.1,17,20,positive
536,AEG,5,AAR37375.1,285,288,positive
537,ILDN,4,Minc3s00122g05244,191,195,positive
538,ILDN,4,Minc3s00191g07172,191,195,positive
539,ILDN,4,Minc3s01332g22850,191,195,positive
540,ILDN,4,Minc3s02282g29253,42,46,positive
541,ILDN,4,Minc3s06632g40101,82,86,positive
542,DKE,2,Minc3s00079g03810,64,67,positive
543,DKE,2,Minc3s00127g05433,60,63,positive
544,DKE,2,Minc3s00365g11061,161,164,positive
545,DKE,2,Minc3s00365g11061,243,246,positive
546,DKE,2,Minc3s00371g11166,258,261,positive
547,DKE,2,Minc3s00371g11166,381,384,positive
548,DKE,2,Minc3s00583g14627,38,41,positive
549,DKE,2,Minc3s01042g20118,20,23,positive
550,DKE,2,Minc3s01042g20118,38,41,positive
551,DKE,2,Minc3s01042g20118,55,58,positive
552,DKE,2,Minc3s01112g20831,258,261,positive
553,DKE,2,Minc3s01112g20831,381,384,positive
554,DKE,2,Minc3s01325g22793,64,67,positive
555,DKE,2,Minc3s01573g24822,20,23,positive
556,DKE,2,Minc3s01573g24822,38,41,positive
557,DKE,2,Minc3s01573g24822,55,58,positive
558,DKE,2,Minc3s01802g26418,23,26,positive
559,DKE,2,Minc3s01802g26418,152,155,positive
560,DKE,2,Minc3s02324g29465,160,163,positive
561,DKE,2,Minc3s03978g35225,20,23,positive
562,DKE,2,Minc3s03978g35225,38,41,positive
563,DKE,2,Minc3s05895g38985,151,154,positive
564,DKE,2,Minc3s05895g38985,188,191,positive
565,DKE,2,Minc3s08477g42291,161,164,positive
566,DKE,2,Minc3s10410g44057,48,51,positive
567,DKE,2,AAN15809.1,25,28,positive
568,DKE,2,AAN52094.1,31,34,positive
569,DKE,2,AAQ10018.1,160,163,positive
570,DKE,2,AEV57568.1,182,185,positive
571,DKE,2,AAL40720.1,60,63,positive
572,KKEKK,7,Minc3s00020g01295,149,154,positive
573,KKEKK,7,Minc3s00083g03979,154,159,positive
574,AYAR,4,Minc3s00736g16684,91,95,positive
575,AYAR,4,Minc3s01051g20218,91,95,positive
576,AYAR,4,Minc3s01143g21148,37,41,positive
577,AYAR,4,Minc3s05228g37838,83,87,positive
578,AYAR,4,Minc3s06143g39406,83,87,positive
579,AYAR,4,Minc3s09654g43422,37,41,positive
580,AYAR,4,Minc3s09707g43466,91,95,positive
581,PYPSG,8,Minc3s00489g13198,173,178,positive
582,PYPSG,8,CAC27774.1,173,178,positive
583,PYPSG,8,CAC27774.1,257,262,positive
584,CVAF,10,Minc3s00736g16684,127,131,positive
585,CVAF,10,Minc3s01051g20218,127,131,positive
586,CVAF,10,Minc3s01143g21148,73,77,positive
587,CVAF,10,Minc3s03092g32741,20,24,positive
588,CVAF,10,Minc3s03712g34585,27,31,positive
589,CVAF,10,Minc3s05228g37838,119,123,positive
590,CVAF,10,Minc3s06143g39406,119,123,positive
591,CVAF,10,Minc3s09654g43422,73,77,positive
592,CVAF,10,Minc3s09707g43466,127,131,positive
593,GHWTQ,6,Minc3s00008g00574,154,159,positive
594,GHWTQ,6,Minc3s00736g16684,140,145,positive
595,GHWTQ,6,Minc3s01051g20218,140,145,positive
596,GHWTQ,6,Minc3s01143g21148,86,91,positive
597,GHWTQ,6,Minc3s01152g21216,154,159,positive
598,GHWTQ,6,Minc3s03092g32741,33,38,positive
599,GHWTQ,6,Minc3s03712g34585,40,45,positive
600,GHWTQ,6,Minc3s05228g37838,132,137,positive
601,GHWTQ,6,Minc3s06143g39406,132,137,positive
602,GHWTQ,6,Minc3s09654g43422,86,91,positive
603,GHWTQ,6,Minc3s09707g43466,140,145,positive
604,GEEKK,7,Minc3s00365g11061,114,119,positive
605,GEEKK,7,Minc3s02324g29465,114,119,positive
606,GEEKK,7,Minc3s08477g42291,115,120,positive
607,GEEKK,7,Minc3s10410g44057,2,7,positive
608,GEEKK,7,AAQ10018.1,114,119,positive
609,FKAK,1,Minc3s00365g11061,292,296,positive
610,FKAK,1,Minc3s02324g29465,295,299,positive
611,FKAK,1,Minc3s10410g44057,183,187,positive
612,FKAK,1,AAQ10018.1,295,299,positive
613,KCT,3,Minc3s00365g11074,122,125,positive
614,KCT,3,Minc3s00736g16684,73,76,positive
615,KCT,3,Minc3s00970g19432,122,125,positive
616,KCT,3,Minc3s01051g20218,73,76,positive
617,KCT,3,Minc3s01143g21148,19,22,positive
618,KCT,3,Minc3s02073g28116,122,125,positive
619,KCT,3,Minc3s05228g37838,65,68,positive
620,KCT,3,Minc3s06143g39406,65,68,positive
621,KCT,3,Minc3s09654g43422,19,22,positive
622,KCT,3,Minc3s09707g43466,73,76,positive
623,VYPSG,8,Minc3s00489g13198,128,133,positive
624,VYPSG,8,CAC27774.1,128,133,positive
625,VYPSG,8,CAC27774.1,212,217,positive
626,KHP,1,Minc3s00020g01295,110,113,positive
627,KHP,1,Minc3s00079g03810,57,60,positive
628,KHP,1,Minc3s00083g03979,107,110,positive
629,KHP,1,Minc3s00141g05855,27,30,positive
630,KHP,1,Minc3s00141g05855,30,33,positive
631,KHP,1,Minc3s01161g21288,27,30,positive
632,KHP,1,Minc3s01161g21288,30,33,positive
633,KHP,1,Minc3s01307g22634,27,30,positive
634,KHP,1,Minc3s01307g22634,30,33,positive
635,KHP,1,Minc3s01307g22639,27,30,positive
636,KHP,1,Minc3s01307g22639,30,33,positive
637,KHP,1,Minc3s01325g22793,57,60,positive
638,KHP,1,Minc3s09108g42931,27,30,positive
639,KHP,1,Minc3s09108g42931,30,33,positive
640,KHP,1,AAN08591.1,330,333,positive
641,KHP,1,AAN08591.1,416,419,positive
642,KHP,1,AAN08591.1,478,481,positive
643,KHP,1,QPG92974.1,27,30,positive
644,KHP,1,QPG92974.1,30,33,positive
645,KHP,1,Minc01595,264,267,positive
646,KHP,1,Minc01595,348,351,positive
647,KHP,1,Minc01595,410,413,positive
648,KTKL,1,Minc3s00736g16684,199,203,positive
649,KTKL,1,Minc3s01143g21148,145,149,positive
650,KTKL,1,Minc3s03092g32741,92,96,positive
651,KTKL,1,Minc3s03712g34585,99,103,positive
652,KTKL,1,Minc3s05228g37838,191,195,positive
653,KTKL,1,Minc3s06143g39406,191,195,positive
654,KTKL,1,Minc3s09654g43422,145,149,positive
655,AEAD,5,Minc3s00371g11166,51,55,positive
656,AEAD,5,Minc3s01042g20118,232,236,positive
657,AEAD,5,Minc3s01112g20831,51,55,positive
658,AEAD,5,Minc3s01573g24822,229,233,positive
659,AEAD,5,Minc3s03978g35225,223,227,positive
660,AETD,5,Minc3s00365g11061,305,309,positive
661,AETD,5,Minc3s02324g29465,308,312,positive
662,AETD,5,Minc3s10410g44057,196,200,positive
663,AETD,5,AAQ10018.1,308,312,positive
664,VDEG,5,Minc3s00139g05823,257,261,positive
665,VDEG,5,Minc3s00520g13673,257,261,positive
666,VDEG,5,Minc3s03136g32914,211,215,positive
667,VDEG,5,AAR37375.1,257,261,positive
668,DQAG,5,Minc3s00736g16684,17,21,positive
669,DQAG,5,Minc3s01051g20218,17,21,positive
670,DQAG,5,Minc3s05228g37838,9,13,positive
671,DQAG,5,Minc3s06143g39406,9,13,positive
672,DQAG,5,Minc3s09707g43466,17,21,positive
673,PGNV,8,Minc3s00736g16684,174,178,positive
674,PGNV,8,Minc3s01051g20218,174,178,positive
675,PGNV,8,Minc3s01143g21148,120,124,positive
676,PGNV,8,Minc3s03024g32468,58,62,positive
677,PGNV,8,Minc3s03092g32741,67,71,positive
678,PGNV,8,Minc3s03712g34585,74,78,positive
679,PGNV,8,Minc3s05228g37838,166,170,positive
680,PGNV,8,Minc3s06143g39406,166,170,positive
681,PGNV,8,Minc3s09654g43422,120,124,positive
682,PGNV,8,Minc3s09707g43466,174,178,positive
683,PGNV,8,AAN08583.1,58,62,positive
684,CGIGR,0,Minc3s00736g16684,155,160,positive
685,CGIGR,0,Minc3s01051g20218,155,160,positive
686,CGIGR,0,Minc3s01143g21148,101,106,positive
687,CGIGR,0,Minc3s03092g32741,48,53,positive
688,CGIGR,0,Minc3s03712g34585,55,60,positive
689,CGIGR,0,Minc3s05228g37838,147,152,positive
690,CGIGR,0,Minc3s06143g39406,147,152,positive
691,CGIGR,0,Minc3s09654g43422,101,106,positive
692,CGIGR,0,Minc3s09707g43466,155,160,positive
693,WNT,6,Minc3s01051g20218,148,151,positive
694,WNT,6,Minc3s03092g32741,41,44,positive
695,WNT,6,Minc3s03712g34585,48,51,positive
696,WNT,6,Minc3s05228g37838,140,143,positive
697,WNT,6,Minc3s06143g39406,140,143,positive
698,WNT,6,Minc3s09654g43422,94,97,positive
699,WNT,6,Minc3s09707g43466,148,151,positive
700,EEKK,2,Minc3s00057g02969,405,409,positive
701,EEKK,2,Minc3s00127g05433,374,378,positive
702,EEKK,2,Minc3s00127g05433,403,407,positive
703,EEKK,2,Minc3s00365g11061,115,119,positive
704,EEKK,2,Minc3s00583g14627,6,10,positive
705,EEKK,2,Minc3s00583g14627,14,18,positive
706,EEKK,2,Minc3s00583g14627,40,44,positive
707,EEKK,2,Minc3s01802g26418,88,92,positive
708,EEKK,2,Minc3s01802g26418,96,100,positive
709,EEKK,2,Minc3s01802g26418,112,116,positive
710,EEKK,2,Minc3s01802g26418,120,124,positive
711,EEKK,2,Minc3s01802g26418,128,132,positive
712,EEKK,2,Minc3s01802g26418,154,158,positive
713,EEKK,2,Minc3s02324g29465,115,119,positive
714,EEKK,2,Minc3s02324g29465,186,190,positive
715,EEKK,2,Minc3s05895g38985,95,99,positive
716,EEKK,2,Minc3s05895g38985,111,115,positive
717,EEKK,2,Minc3s05895g38985,119,123,positive
718,EEKK,2,Minc3s05895g38985,127,131,positive
719,EEKK,2,Minc3s05895g38985,153,157,positive
720,EEKK,2,Minc3s08308g42122,117,121,positive
721,EEKK,2,Minc3s08308g42122,146,150,positive
722,EEKK,2,Minc3s08477g42291,116,120,positive
723,EEKK,2,Minc3s08477g42291,187,191,positive
724,EEKK,2,Minc3s10410g44057,3,7,positive
725,EEKK,2,Minc3s10410g44057,74,78,positive
726,EEKK,2,AAQ10018.1,115,119,positive
727,EEKK,2,AAQ10018.1,186,190,positive
728,EEKK,2,ASX95049.1,134,138,positive
729,EEKK,2,ASX95049.1,170,174,positive
730,EEKK,2,AAN15806.1,249,253,positive
731,EEKK,2,AAL40720.1,374,378,positive
732,EEKK,2,AAL40720.1,403,407,positive
733,EEKK,2,Minc01696,408,412,positive
734,RYPSG,8,Minc3s00139g05824,24,29,positive
735,RYPSG,8,Minc3s00677g15958,24,29,positive
736,RYPSG,8,AAC05133.1,24,29,positive
737,MIE,4,Minc3s00173g06739,163,166,positive
738,MIE,4,Minc3s00365g11061,272,275,positive
739,MIE,4,Minc3s00365g11068,166,169,positive
740,MIE,4,Minc3s00970g19438,153,156,positive
741,MIE,4,Minc3s02324g29465,275,278,positive
742,MIE,4,Minc3s10410g44057,163,166,positive
743,MIE,4,AAN08579.1,163,166,positive
744,MIE,4,AAQ10018.1,275,278,positive
745,TML,4,Minc3s00122g05244,3,6,positive
746,TML,4,Minc3s00191g07172,3,6,positive
747,TML,4,Minc3s01332g22850,3,6,positive
748,TML,4,Minc3s06632g40099,3,6,positive
749,KYKS,1,Minc3s00736g16684,162,166,positive
750,KYKS,1,Minc3s01051g20218,162,166,positive
751,KYKS,1,Minc3s01143g21148,108,112,positive
752,KYKS,1,Minc3s03092g32741,55,59,positive
753,KYKS,1,Minc3s03712g34585,62,66,positive
754,KYKS,1,Minc3s05228g37838,154,158,positive
755,KYKS,1,Minc3s06143g39406,154,158,positive
756,KYKS,1,Minc3s09654g43422,108,112,positive
757,KYKS,1,Minc3s09707g43466,162,166,positive
758,FSL,6,Minc3s00139g05823,1,4,positive
759,FSL,6,Minc3s00338g10488,11,14,positive
760,FSL,6,Minc3s00381g11354,5,8,positive
761,FSL,6,Minc3s00520g13673,441,444,positive
762,FSL,6,Minc3s00736g16684,59,62,positive
763,FSL,6,Minc3s00970g19432,294,297,positive
764,FSL,6,Minc3s01020g19922,30,33,positive
765,FSL,6,Minc3s01051g20218,59,62,positive
766,FSL,6,Minc3s01143g21148,5,8,positive
767,FSL,6,Minc3s01352g23040,5,8,positive
768,FSL,6,Minc3s01614g25112,30,33,positive
769,FSL,6,Minc3s03136g32914,395,398,positive
770,FSL,6,Minc3s03471g33936,5,8,positive
771,FSL,6,Minc3s05228g37838,51,54,positive
772,FSL,6,Minc3s06143g39406,51,54,positive
773,FSL,6,Minc3s06678g40162,5,8,positive
774,FSL,6,Minc3s09654g43422,5,8,positive
775,FSL,6,Minc3s09707g43466,59,62,positive
776,FSL,6,Minc3s10691g44278,5,8,positive
777,FSL,6,AAQ10019.1,23,26,positive
778,FSL,6,AAN15806.1,11,14,positive
779,FSL,6,AAR37373.1,77,80,positive
780,FSL,6,AEV57568.1,16,19,positive
781,FSL,6,AAR37375.1,1,4,positive
782,EEETK,7,Minc3s01042g20118,29,34,positive
783,EEETK,7,Minc3s01042g20118,211,216,positive
784,EEETK,7,Minc3s01573g24822,29,34,positive
785,EEETK,7,Minc3s01573g24822,46,51,positive
786,EEETK,7,Minc3s01573g24822,208,213,positive
787,EEETK,7,Minc3s03978g35225,202,207,positive
788,NVY,6,Minc3s00007g00481,83,86,positive
789,NVY,6,Minc3s00007g00481,476,479,positive
790,NVY,6,Minc3s00094g04359,35,38,positive
791,NVY,6,Minc3s00489g13198,127,130,positive
792,NVY,6,Minc3s00566g14364,35,38,positive
793,NVY,6,Minc3s00736g16684,176,179,positive
794,NVY,6,Minc3s01051g20218,176,179,positive
795,NVY,6,Minc3s01143g21148,122,125,positive
796,NVY,6,Minc3s03092g32741,69,72,positive
797,NVY,6,Minc3s03712g34585,76,79,positive
798,NVY,6,Minc3s05228g37838,168,171,positive
799,NVY,6,Minc3s06143g39406,168,171,positive
800,NVY,6,Minc3s09654g43422,122,125,positive
801,NVY,6,Minc3s09707g43466,176,179,positive
802,NVY,6,AAN15808.1,148,151,positive
803,NVY,6,AAQ97032.1,106,109,positive
804,NVY,6,AAM28240.1,83,86,positive
805,NVY,6,AAM28240.1,476,479,positive
806,NVY,6,CAC27774.1,127,130,positive
807,NVY,6,CAC27774.1,211,214,positive
808,YSHS,6,Minc3s00736g16684,76,80,positive
809,YSHS,6,Minc3s01051g20218,76,80,positive
810,YSHS,6,Minc3s01143g21148,22,26,positive
811,YSHS,6,Minc3s05228g37838,68,72,positive
812,YSHS,6,Minc3s06143g39406,68,72,positive
813,YSHS,6,Minc3s09654g43422,22,26,positive
814,YSHS,6,Minc3s09707g43466,76,80,positive
815,YSHS,6,AAR37368.1,105,109,positive
816,HWF,6,Minc3s00365g11061,216,219,positive
817,HWF,6,Minc3s02324g29465,219,222,positive
818,HWF,6,Minc3s10410g44057,107,110,positive
819,HWF,6,AAQ10018.1,219,222,positive
820,KDEK,2,Minc3s00096g04440,124,128,positive
821,KDEK,2,Minc3s00365g11061,192,196,positive
822,KDEK,2,Minc3s02324g29465,195,199,positive
823,KDEK,2,Minc3s08477g42291,196,200,positive
824,KDEK,2,Minc3s10410g44057,83,87,positive
825,KDEK,2,AAQ10018.1,195,199,positive
826,KDEK,2,CL5Contig2_1-EST,160,164,positive
827,GGVI,10,Minc3s00275g09180,201,205,positive
828,GGVI,10,Minc3s00465g12805,105,109,positive
829,GGVI,10,Minc3s00876g18368,54,58,positive
830,GGVI,10,Minc3s00905g18741,52,56,positive
831,GGVI,10,Minc3s01322g22768,52,56,positive
832,GGVI,10,Minc3s01509g24368,105,109,positive
833,GGVI,10,Minc3s04123g35534,105,109,positive
834,KKIS,1,Minc3s00139g05823,272,276,positive
835,KKIS,1,Minc3s00173g06738,162,166,positive
836,KKIS,1,AAN08580.1,162,166,positive
837,KKIS,1,AAR37375.1,272,276,positive
838,VEAV,4,Minc3s00139g05823,104,108,positive
839,VEAV,4,Minc3s00338g10488,63,67,positive
840,VEAV,4,Minc3s00520g13673,104,108,positive
841,VEAV,4,Minc3s03136g32914,58,62,positive
842,VEAV,4,Minc3s10875g44433,104,108,positive
843,VEAV,4,AAN15809.1,62,66,positive
844,VEAV,4,AAN15806.1,63,67,positive
845,VEAV,4,AAR37375.1,104,108,positive
846,HWT,6,Minc3s00008g00574,155,158,positive
847,HWT,6,Minc3s00736g16684,141,144,positive
848,HWT,6,Minc3s01051g20218,141,144,positive
849,HWT,6,Minc3s01143g21148,87,90,positive
850,HWT,6,Minc3s01152g21216,155,158,positive
851,HWT,6,Minc3s03092g32741,34,37,positive
852,HWT,6,Minc3s03712g34585,41,44,positive
853,HWT,6,Minc3s05228g37838,133,136,positive
854,HWT,6,Minc3s06143g39406,133,136,positive
855,HWT,6,Minc3s09654g43422,87,90,positive
856,HWT,6,Minc3s09707g43466,141,144,positive
857,KDAK,2,Minc3s00485g13130,176,180,positive
858,KDAK,2,Minc3s00519g13664,231,235,positive
859,KDAK,2,Minc3s00855g18130,175,179,positive
860,KDAK,2,Minc3s01525g24488,243,247,positive
861,KDAK,2,Minc3s08722g42535,175,179,positive
862,LYPSG,8,Minc00344,364,369,positive
863,LYPSG,8,Minc04584,188,193,positive
864,DSTL,3,Minc3s00122g05244,223,227,positive
865,DSTL,3,Minc3s00191g07172,223,227,positive
866,DSTL,3,Minc3s01332g22850,223,227,positive
867,DSTL,3,Minc3s01364g23158,217,221,positive
868,DSTL,3,Minc3s02282g29253,74,78,positive
869,DSTL,3,Minc3s06632g40101,114,118,positive
870,CGIGG,0,Minc3s00086g04105,41,46,positive
871,CGEGE,5,Minc3s00139g05823,53,58,positive
872,CGEGE,5,Minc3s00520g13673,53,58,positive
873,CGEGE,5,Minc3s03136g32914,7,12,positive
874,CGEGE,5,Minc3s10875g44433,53,58,positive
875,CGEGE,5,AAR37375.1,53,58,positive
876,CGDSG,0,Minc3s00489g13198,110,115,positive
877,CGDSG,0,CAC27774.1,110,115,positive
878,KDEKK,7,Minc3s00365g11061,192,197,positive
879,KDEKK,7,Minc3s02324g29465,195,200,positive
880,KDEKK,7,Minc3s08477g42291,196,201,positive
881,KDEKK,7,Minc3s10410g44057,83,88,positive
882,KDEKK,7,AAQ10018.1,195,200,positive
883,KEEDK,7,Minc3s00876g18368,74,79,positive
884,KEEDK,7,Minc3s00905g18741,72,77,positive
885,KEEDK,7,Minc3s01322g22768,72,77,positive
886,RYDD,2,Minc3s00122g05244,30,34,positive
887,RYDD,2,Minc3s00191g07172,30,34,positive
888,RYDD,2,Minc3s01332g22850,30,34,positive
889,RYDD,2,Minc3s01364g23158,24,28,positive
890,RYDD,2,Minc3s06632g40099,30,34,positive
891,KCS,3,Minc3s00139g05823,69,72,positive
892,KCS,3,Minc3s00520g13673,69,72,positive
893,KCS,3,Minc3s03136g32914,23,26,positive
894,KCS,3,Minc3s10875g44433,69,72,positive
895,KCS,3,AAR37375.1,69,72,positive
896,MDKF,1,Minc3s00365g11061,219,223,positive
897,MDKF,1,Minc3s02324g29465,222,226,positive
898,MDKF,1,Minc3s10410g44057,110,114,positive
899,MDKF,1,AAQ10018.1,222,226,positive
900,HGD,1,Minc3s00057g02969,187,190,positive
901,HGD,1,Minc3s00173g06739,54,57,positive
902,HGD,1,Minc3s00271g09100,37,40,positive
903,HGD,1,Minc3s00724g16553,239,242,positive
904,HGD,1,Minc3s01107g20785,240,243,positive
905,HGD,1,Minc3s01897g27031,37,40,positive
906,HGD,1,AAN08579.1,54,57,positive
907,HGD,1,AAN08589.1,54,57,positive
908,HGD,1,AAN08591.1,297,300,positive
909,HGD,1,AAN08591.1,383,386,positive
910,HGD,1,AAN08591.1,529,532,positive
911,HGD,1,Minc01595,231,234,positive
912,HGD,1,Minc01595,315,318,positive
913,HGD,1,Minc01595,463,466,positive
914,HGD,1,Minc01696,187,190,positive
915,DIAK,4,Minc3s00122g05244,164,168,positive
916,DIAK,4,Minc3s00191g07172,164,168,positive
917,DIAK,4,Minc3s01332g22850,164,168,positive
918,DIAK,4,Minc3s01364g23158,158,162,positive
919,DIAK,4,Minc3s02282g29253,15,19,positive
920,DIAK,4,Minc3s06632g40101,55,59,positive
921,NGQP,8,Minc3s00139g05823,37,41,positive
922,NGQP,8,Minc3s00520g13673,37,41,positive
923,NGQP,8,Minc3s10875g44433,37,41,positive
924,NGQP,8,AAR37375.1,37,41,positive
925,NGQP,8,Minc03866,230,234,positive
926,NGQP,8,Minc03866,265,269,positive
927,NGQP,8,Minc03866,300,304,positive
928,NGQP,8,Minc03866,335,339,positive
929,NGQP,8,Minc03866,370,374,positive
930,NGQP,8,Minc03866,411,415,positive
931,KEEKI,7,ASX95049.1,154,159,positive
932,CQY,6,Minc3s00736g16684,169,172,positive
933,CQY,6,Minc3s01051g20218,169,172,positive
934,CQY,6,Minc3s01143g21148,115,118,positive
935,CQY,6,Minc3s03024g32468,67,70,positive
936,CQY,6,Minc3s03092g32741,62,65,positive
937,CQY,6,Minc3s03712g34585,69,72,positive
938,CQY,6,Minc3s05228g37838,161,164,positive
939,CQY,6,Minc3s06143g39406,161,164,positive
940,CQY,6,Minc3s09654g43422,115,118,positive
941,CQY,6,Minc3s09707g43466,169,172,positive
942,CQY,6,AAN08583.1,67,70,positive
943,TEAK,5,Minc3s00365g11061,21,25,positive
944,TEAK,5,Minc3s02324g29465,21,25,positive
945,TEAK,5,Minc3s08477g42291,21,25,positive
946,TEAK,5,AAQ10018.1,21,25,positive
947,TEAK,5,AAR37369.1,20,24,positive
948,KDCK,2,Minc3s00173g06739,36,40,positive
949,KDCK,2,AAN08579.1,36,40,positive
950,KDCK,2,AAN08589.1,36,40,positive
951,GEGKK,7,AAN52092.1,87,92,positive
952,IKNN,1,Minc3s00007g00481,423,427,positive
953,IKNN,1,Minc3s00371g11166,403,407,positive
954,IKNN,1,Minc3s01112g20831,403,407,positive
955,IKNN,1,AAQ10023.1,81,85,positive
956,IKNN,1,AAM28240.1,423,427,positive
957,KKEG,2,Minc3s00876g18368,82,86,positive
958,KKEG,2,Minc3s00876g18368,89,93,positive
959,KKEG,2,Minc3s00905g18741,80,84,positive
960,KKEG,2,Minc3s00905g18741,87,91,positive
961,KKEG,2,Minc3s01322g22768,80,84,positive
962,KKEG,2,Minc3s01322g22768,87,91,positive
963,KKEG,2,AAN08585.1,159,163,positive
964,KKEG,2,AAQ10021.1,159,163,positive
965,KKEG,2,ASX95049.1,127,131,positive
966,KKEG,2,AAN52093.1,156,160,positive
967,PKEK,2,Minc3s00365g11061,208,212,positive
968,PKEK,2,Minc3s00709g16396,44,48,positive
969,PKEK,2,Minc3s02324g29465,211,215,positive
970,PKEK,2,Minc3s08477g42291,212,216,positive
971,PKEK,2,Minc3s10410g44057,99,103,positive
972,PKEK,2,AAQ10018.1,211,215,positive
973,PKEK,2,AAQ10022.1,44,48,positive
974,PKEK,2,ASX95049.1,162,166,positive
975,KPPG,8,Minc3s00736g16684,172,176,positive
976,KPPG,8,Minc3s01051g20218,172,176,positive
977,KPPG,8,Minc3s01143g21148,118,122,positive
978,KPPG,8,Minc3s03092g32741,65,69,positive
979,KPPG,8,Minc3s03712g34585,72,76,positive
980,KPPG,8,Minc3s05228g37838,164,168,positive
981,KPPG,8,Minc3s06143g39406,164,168,positive
982,KPPG,8,Minc3s09654g43422,118,122,positive
983,KPPG,8,Minc3s09707g43466,172,176,positive
984,KEEKE,7,Minc3s00583g14627,70,75,positive
985,KEEKE,7,Minc3s01802g26418,184,189,positive
986,CLIGG,10,Minc3s00876g18368,51,56,positive
987,CLIGG,10,Minc3s00905g18741,49,54,positive
988,CLIGG,10,Minc3s01322g22768,49,54,positive
989,SNEE,5,Minc3s00083g03979,481,485,positive
990,SNEE,5,Minc3s00122g05244,49,53,positive
991,SNEE,5,Minc3s00191g07172,49,53,positive
992,SNEE,5,Minc3s01332g22850,49,53,positive
993,SNEE,5,Minc3s01364g23158,43,47,positive
994,SNEE,5,Minc3s06632g40099,49,53,positive
995,CGCCA,0,Minc3s00086g04105,35,40,positive
996,GHWT,6,Minc3s00008g00574,154,158,positive
997,GHWT,6,Minc3s00736g16684,140,144,positive
998,GHWT,6,Minc3s01051g20218,140,144,positive
999,GHWT,6,Minc3s01143g21148,86,90,positive
1000,GHWT,6,Minc3s01152g21216,154,158,positive
1001,GHWT,6,Minc3s03092g32741,33,37,positive
1002,GHWT,6,Minc3s03712g34585,40,44,positive
1003,GHWT,6,Minc3s05228g37838,132,136,positive
1004,GHWT,6,Minc3s06143g39406,132,136,positive
1005,GHWT,6,Minc3s09654g43422,86,90,positive
1006,GHWT,6,Minc3s09707g43466,140,144,positive
1007,KEEKK,7,Minc3s00583g14627,39,44,positive
1008,KEEKK,7,Minc3s01802g26418,153,158,positive
1009,KEEKK,7,Minc3s02324g29465,185,190,positive
1010,KEEKK,7,Minc3s05895g38985,152,157,positive
1011,KEEKK,7,Minc3s08477g42291,186,191,positive
1012,KEEKK,7,Minc3s10410g44057,73,78,positive
1013,KEEKK,7,AAQ10018.1,185,190,positive
1014,KEEKK,7,ASX95049.1,169,174,positive
1015,CGNCG,0,Minc3s00724g16553,166,171,positive
1016,CGNCG,0,Minc3s01107g20785,167,172,positive
1017,FTNS,6,Minc3s00365g11074,132,136,positive
1018,FTNS,6,Minc3s00970g19432,132,136,positive
1019,FTNS,6,Minc3s02073g28116,132,136,positive
1020,FTNS,6,AAZ77751.1,1,5,positive
1021,FTNS,6,Minc03866,421,425,positive
1022,KDKC,2,Minc3s00736g16684,193,197,positive
1023,KDKC,2,Minc3s01143g21148,139,143,positive
1024,KDKC,2,Minc3s03092g32741,86,90,positive
1025,KDKC,2,Minc3s03712g34585,93,97,positive
1026,KDKC,2,Minc3s05228g37838,185,189,positive
1027,KDKC,2,Minc3s06143g39406,185,189,positive
1028,KDKC,2,Minc3s09654g43422,139,143,positive
1029,TILG,4,Minc3s00365g11074,188,192,positive
1030,TILG,4,Minc3s00970g19432,190,194,positive
1031,TILG,4,Minc3s02073g28116,190,194,positive
1032,TILG,4,Minc01595,532,536,positive
1033,QKEE,2,Minc3s00365g11061,52,56,positive
1034,QKEE,2,Minc3s02324g29465,52,56,positive
1035,QKEE,2,Minc3s08477g42291,53,57,positive
1036,QKEE,2,AAN15808.1,47,51,positive
1037,QKEE,2,AAQ10018.1,52,56,positive
1038,FPSP,8,Minc3s00141g05855,55,59,positive
1039,FPSP,8,Minc3s01161g21288,55,59,positive
1040,FPSP,8,Minc3s01307g22634,52,56,positive
1041,FPSP,8,Minc3s01307g22639,52,56,positive
1042,FPSP,8,Minc3s09108g42931,52,56,positive
1043,FPSP,8,QPG92974.1,52,56,positive
1044,FSLSL,9,Minc3s00139g05823,1,6,positive
1045,FSLSL,9,AAR37375.1,1,6,positive
1046,GEETK,7,Minc3s03978g35225,29,34,positive
1047,CGIG,10,Minc3s00086g04105,41,45,positive
1048,CGIG,10,Minc3s00736g16684,155,159,positive
1049,CGIG,10,Minc3s01051g20218,155,159,positive
1050,CGIG,10,Minc3s01143g21148,101,105,positive
1051,CGIG,10,Minc3s03092g32741,48,52,positive
1052,CGIG,10,Minc3s03712g34585,55,59,positive
1053,CGIG,10,Minc3s05228g37838,147,151,positive
1054,CGIG,10,Minc3s06143g39406,147,151,positive
1055,CGIG,10,Minc3s09654g43422,101,105,positive
1056,CGIG,10,Minc3s09707g43466,155,159,positive
1057,KKPK,2,Minc3s00519g13664,234,238,positive
1058,KKPK,2,Minc3s01525g24488,234,238,positive
1059,KKPK,2,Minc00344,117,121,positive
1060,KKPK,2,Minc04584,117,121,positive
1061,FLIFL,9,Minc3s00485g13130,3,8,positive
1062,EEERG,7,Minc3s00057g02969,307,312,positive
1063,EEERG,7,Minc01696,307,312,positive
1064,FLISL,9,Minc3s00340g10545,10,15,positive
1065,FLISL,9,Minc12639,18,23,positive
1066,TDKK,2,Minc3s00173g06738,160,164,positive
1067,TDKK,2,AAN08580.1,160,164,positive
1068,KEETG,7,ASX95049.1,22,27,positive
1069,WWS,6,Minc3s00736g16684,109,112,positive
1070,WWS,6,Minc3s01051g20218,109,112,positive
1071,WWS,6,Minc3s01143g21148,55,58,positive
1072,WWS,6,Minc3s03092g32741,2,5,positive
1073,WWS,6,Minc3s03712g34585,9,12,positive
1074,WWS,6,Minc3s05228g37838,101,104,positive
1075,WWS,6,Minc3s06143g39406,101,104,positive
1076,WWS,6,Minc3s09654g43422,55,58,positive
1077,WWS,6,Minc3s09707g43466,109,112,positive
1078,FLIP,9,Minc3s00122g05244,114,118,positive
1079,FLIP,9,Minc3s00191g07172,114,118,positive
1080,FLIP,9,Minc3s01332g22850,114,118,positive
1081,FLIP,9,Minc3s01364g23158,108,112,positive
1082,FLIP,9,Minc3s06632g40101,5,9,positive
1083,FKLFL,9,Minc3s00338g10488,6,11,positive
1084,FKLFL,9,AAN15806.1,6,11,positive
1085,KEESK,7,CL312Contig1_1-EST,424,429,positive
1086,EEERK,7,Minc3s00127g05433,365,370,positive
1087,EEERK,7,Minc3s08308g42122,108,113,positive
1088,EEERK,7,AAL40720.1,365,370,positive
1089,PKPN,8,Minc3s00855g18130,74,78,positive
1090,PKPN,8,Minc3s08722g42535,74,78,positive
1091,KRDD,2,Minc3s01042g20118,35,39,positive
1092,KRDD,2,Minc3s01042g20118,52,56,positive
1093,KRDD,2,Minc3s01573g24822,35,39,positive
1094,KRDD,2,Minc3s01573g24822,52,56,positive
1095,KRDD,2,Minc3s01802g26418,46,50,positive
1096,KRDD,2,Minc3s03978g35225,35,39,positive
1097,KRDD,2,Minc3s05895g38985,46,50,positive
1098,GYPSG,8,Minc3s00465g12805,93,98,positive
1099,GYPSG,8,Minc3s01509g24368,93,98,positive
1100,GYPSG,8,Minc3s04123g35534,93,98,positive
1101,NPTT,3,Minc3s00485g13130,156,160,positive
1102,NPTT,3,Minc3s00855g18130,77,81,positive
1103,NPTT,3,Minc3s00855g18130,155,159,positive
1104,NPTT,3,Minc3s08722g42535,77,81,positive
1105,NPTT,3,Minc3s08722g42535,155,159,positive
1106,NPTT,3,AAF37276.1,320,324,positive
1107,FLLFL,9,Minc3s00465g12805,7,12,positive
1108,FLLFL,9,Minc3s01509g24368,7,12,positive
1109,FLLFL,9,Minc3s04123g35534,7,12,positive
1110,FLLFL,9,AAN15807.1,19,24,positive
1111,EKEKG,7,AEV57568.1,162,167,positive
1112,KNEKK,7,AAN15809.1,275,280,positive
1113,KYPN,8,Minc3s00139g05823,148,152,positive
1114,KYPN,8,Minc3s00520g13673,148,152,positive
1115,KYPN,8,Minc3s03136g32914,102,106,positive
1116,KYPN,8,AAR37375.1,148,152,positive
1117,PNPGG,0,AAZ77751.1,36,41,positive
1118,IIYE,9,Minc3s00139g05823,152,156,positive
1119,IIYE,9,Minc3s00520g13673,152,156,positive
1120,IIYE,9,Minc3s03136g32914,106,110,positive
1121,IIYE,9,AAR37375.1,152,156,positive
1122,NLTL,4,Minc3s00122g05244,234,238,positive
1123,NLTL,4,Minc3s00191g07172,234,238,positive
1124,NLTL,4,Minc3s01332g22850,234,238,positive
1125,NLTL,4,Minc3s01364g23158,228,232,positive
1126,NLTL,4,Minc3s02282g29253,85,89,positive
1127,NLTL,4,Minc3s06632g40101,125,129,positive
1128,EEGKK,7,Minc3s00583g14627,26,31,positive
1129,EEGKK,7,Minc3s01802g26418,140,145,positive
1130,EEGKK,7,Minc3s05895g38985,139,144,positive
1131,RKEE,2,Minc3s00127g05433,378,382,positive
1132,RKEE,2,Minc3s08308g42122,121,125,positive
1133,RKEE,2,AAN15806.1,171,175,positive
1134,RKEE,2,AAL40720.1,378,382,positive
1135,EKEKK,7,Minc3s00583g14627,72,77,positive
1136,EKEKK,7,Minc3s01802g26418,186,191,positive
1137,PTPK,8,Minc3s00489g13198,180,184,positive
1138,PTPK,8,CAC27774.1,180,184,positive
1139,PTPK,8,CAC27774.1,264,268,positive
1140,PTPK,8,CL312Contig1_1-EST,258,262,positive
1141,QLAK,4,Minc3s00122g05244,200,204,positive
1142,QLAK,4,Minc3s00191g07172,20,24,positive
1143,QLAK,4,Minc3s00191g07172,200,204,positive
1144,QLAK,4,Minc3s01332g22850,20,24,positive
1145,QLAK,4,Minc3s01332g22850,200,204,positive
1146,QLAK,4,Minc3s01364g23158,14,18,positive
1147,QLAK,4,Minc3s01364g23158,194,198,positive
1148,QLAK,4,Minc3s02282g29253,51,55,positive
1149,QLAK,4,Minc3s06632g40099,20,24,positive
1150,QLAK,4,Minc3s06632g40101,91,95,positive
1151,FSIFL,9,Minc3s00855g18130,3,8,positive
1152,FSIFL,9,Minc3s08722g42535,3,8,positive
1153,QEAF,1,Minc3s00122g05244,160,164,positive
1154,QEAF,1,Minc3s00191g07172,160,164,positive
1155,QEAF,1,Minc3s01332g22850,160,164,positive
1156,QEAF,1,Minc3s01364g23158,154,158,positive
1157,QEAF,1,Minc3s02282g29253,11,15,positive
1158,QEAF,1,Minc3s06632g40101,51,55,positive
1159,IANG,4,Minc3s00365g11074,105,109,positive
1160,IANG,4,Minc3s00371g11166,21,25,positive
1161,IANG,4,Minc3s00878g18407,467,471,positive
1162,IANG,4,Minc3s00970g19432,105,109,positive
1163,IANG,4,Minc3s01802g26418,27,31,positive
1164,IANG,4,Minc3s02073g28116,105,109,positive
1165,IANG,4,Minc3s05895g38985,27,31,positive
1166,NCD,3,Minc3s00013g00811,58,61,positive
1167,NCD,3,Minc3s00583g14627,159,162,positive
1168,NCD,3,Minc3s01802g26418,273,276,positive
1169,NCD,3,Minc3s05895g38985,270,273,positive
1170,NCD,3,CL480Contig2_1-EST,170,173,positive
1171,TASG,3,Minc3s00139g05823,307,311,positive
1172,TASG,3,Minc3s00465g12805,217,221,positive
1173,TASG,3,Minc3s00520g13673,307,311,positive
1174,TASG,3,Minc3s01509g24368,217,221,positive
1175,TASG,3,Minc3s03136g32914,261,265,positive
1176,TASG,3,AAR37375.1,307,311,positive
1177,PSPGG,0,Minc03866,222,227,positive
1178,PSPGG,0,Minc03866,257,262,positive
1179,PSPGG,0,Minc03866,292,297,positive
1180,PSPGG,0,Minc03866,327,332,positive
1181,PSPGG,0,Minc03866,362,367,positive
1182,PSPGG,0,Minc03866,397,402,positive
1183,THE,2,AAN08585.1,143,146,positive
1184,THE,2,AAQ10021.1,143,146,positive
1185,THE,2,AAN52093.1,140,143,positive
1186,THE,2,AEV57568.1,125,128,positive
1187,THE,2,AAL40720.1,183,186,positive
1188,HWTQ,6,Minc3s00008g00574,155,159,positive
1189,HWTQ,6,Minc3s00736g16684,141,145,positive
1190,HWTQ,6,Minc3s01051g20218,141,145,positive
1191,HWTQ,6,Minc3s01143g21148,87,91,positive
1192,HWTQ,6,Minc3s01152g21216,155,159,positive
1193,HWTQ,6,Minc3s03092g32741,34,38,positive
1194,HWTQ,6,Minc3s03712g34585,41,45,positive
1195,HWTQ,6,Minc3s05228g37838,133,137,positive
1196,HWTQ,6,Minc3s06143g39406,133,137,positive
1197,HWTQ,6,Minc3s09654g43422,87,91,positive
1198,HWTQ,6,Minc3s09707g43466,141,145,positive
1199,ELIY,9,Minc3s00736g16684,112,116,positive
1200,ELIY,9,Minc3s01051g20218,112,116,positive
1201,ELIY,9,Minc3s01143g21148,58,62,positive
1202,ELIY,9,Minc3s03092g32741,5,9,positive
1203,ELIY,9,Minc3s03712g34585,12,16,positive
1204,ELIY,9,Minc3s05228g37838,104,108,positive
1205,ELIY,9,Minc3s06143g39406,104,108,positive
1206,ELIY,9,Minc3s09654g43422,58,62,positive
1207,ELIY,9,Minc3s09707g43466,112,116,positive
1208,KDKM,2,Minc3s00122g05244,167,171,positive
1209,KDKM,2,Minc3s00191g07172,167,171,positive
1210,KDKM,2,Minc3s01332g22850,167,171,positive
1211,KDKM,2,Minc3s01364g23158,161,165,positive
1212,KDKM,2,Minc3s02282g29253,18,22,positive
1213,KDKM,2,Minc3s06632g40101,58,62,positive
1214,KMKG,1,Minc3s00122g05244,130,134,positive
1215,KMKG,1,Minc3s00191g07172,130,134,positive
1216,KMKG,1,Minc3s01332g22850,130,134,positive
1217,KMKG,1,Minc3s01364g23158,124,128,positive
1218,KMKG,1,Minc3s06632g40101,21,25,positive
1219,ADAE,5,Minc3s00057g02969,314,318,positive
1220,ADAE,5,Minc3s00122g05244,254,258,positive
1221,ADAE,5,Minc3s00191g07172,254,258,positive
1222,ADAE,5,Minc3s01332g22850,254,258,positive
1223,ADAE,5,Minc3s01364g23158,248,252,positive
1224,ADAE,5,Minc3s01573g24822,122,126,positive
1225,ADAE,5,Minc3s01573g24822,172,176,positive
1226,ADAE,5,Minc3s02282g29253,105,109,positive
1227,ADAE,5,Minc3s03978g35225,116,120,positive
1228,ADAE,5,Minc3s03978g35225,166,170,positive
1229,ADAE,5,Minc3s06632g40101,145,149,positive
1230,ADAE,5,Minc01696,314,318,positive
1231,KEGKK,2,Minc3s00876g18368,70,75,positive
1232,KEGKK,2,Minc3s00905g18741,68,73,positive
1233,KEGKK,2,Minc3s01322g22768,68,73,positive
1234,KEGKK,2,ASX95049.1,128,133,positive
1235,YYPGG,8,Minc3s00008g00574,188,193,positive
1236,YYPGG,8,Minc3s01152g21216,188,193,positive
1237,KTD,2,Minc3s00020g01295,454,457,positive
1238,KTD,2,Minc3s00083g03979,458,461,positive
1239,KTD,2,Minc3s00094g04359,56,59,positive
1240,KTD,2,Minc3s00239g08307,90,93,positive
1241,KTD,2,Minc3s00271g09100,47,50,positive
1242,KTD,2,Minc3s00566g14364,56,59,positive
1243,KTD,2,Minc3s00583g14627,86,89,positive
1244,KTD,2,Minc3s01051g20218,274,277,positive
1245,KTD,2,Minc3s01802g26418,200,203,positive
1246,KTD,2,Minc3s01897g27031,47,50,positive
1247,KTD,2,Minc3s05895g38985,202,205,positive
1248,KTD,2,AAN15809.1,85,88,positive
1249,KTD,2,AAQ97032.1,127,130,positive
1250,PKPY,8,AAN15808.1,133,137,positive
1251,KELKK,7,Minc3s00020g01295,153,158,positive
1252,QEKL,5,Minc3s00271g09100,282,286,positive
1253,QEKL,5,Minc3s01897g27031,282,286,positive
1254,QEKL,5,Minc3s03024g32468,92,96,positive
1255,QEKL,5,AAN08583.1,92,96,positive
1256,QEKL,5,Minc03328,141,145,positive
1257,CGSGG,0,Minc3s00465g12805,135,140,positive
1258,CGSGG,0,Minc3s01509g24368,135,140,positive
1259,CGSGG,0,Minc3s04123g35534,135,140,positive
1260,KEENK,7,Minc3s00365g11061,186,191,positive
